{
  "best_by_model": {
    "waveform": {
      "calibration": "isotonic",
      "aggregation": "trimmed_mean",
      "val_f1": 0.9373549883990719
    },
    "gated": {
      "calibration": "platt",
      "aggregation": "mean",
      "val_f1": 0.930715935334873
    },
    "qa_beatformer": {
      "calibration": "isotonic",
      "aggregation": "mean",
      "val_f1": 0.9316338354577057
    }
  },
  "best_global": {
    "model": "waveform",
    "calibration": "isotonic",
    "aggregation": "trimmed_mean",
    "threshold": 0.443,
    "val_f1": 0.9373549883990719,
    "test_f1": 0.8069204152249135,
    "test_precision": 0.7701453104359313,
    "test_sensitivity": 0.8473837209302325,
    "test_specificity": 0.9622805115976588,
    "test_auroc": 0.936571128610247,
    "test_auprc": 0.8177089487118748
  },
  "best_selective_by_f1": [
    {
      "selected_model": "waveform",
      "selected_calibration": "isotonic",
      "selected_aggregation": "trimmed_mean",
      "confidence": "sqi_margin",
      "coverage": 0.5,
      "n_kept": 2650,
      "accuracy": 0.9845283018867924,
      "sensitivity": 0.9239543726235742,
      "specificity": 0.9912023460410557,
      "precision": 0.9204545454545454,
      "f1": 0.9222011385199241,
      "auroc": 0.9767745439890663,
      "auprc": 0.8870452798353105,
      "tp": 243,
      "fp": 21,
      "tn": 2366,
      "fn": 20
    },
    {
      "selected_model": "waveform",
      "selected_calibration": "isotonic",
      "selected_aggregation": "trimmed_mean",
      "confidence": "sqi_margin",
      "coverage": 0.55,
      "n_kept": 2916,
      "accuracy": 0.9821673525377229,
      "sensitivity": 0.9174917491749175,
      "specificity": 0.9896670493685419,
      "precision": 0.9114754098360656,
      "f1": 0.9144736842105263,
      "auroc": 0.9717842622379345,
      "auprc": 0.8756693145894973,
      "tp": 278,
      "fp": 27,
      "tn": 2586,
      "fn": 25
    },
    {
      "selected_model": "waveform",
      "selected_calibration": "isotonic",
      "selected_aggregation": "trimmed_mean",
      "confidence": "sqi_margin",
      "coverage": 0.6000000000000001,
      "n_kept": 3181,
      "accuracy": 0.9811380069160641,
      "sensitivity": 0.9191616766467066,
      "specificity": 0.9884088514225501,
      "precision": 0.9029411764705882,
      "f1": 0.9109792284866469,
      "auroc": 0.9705247040166243,
      "auprc": 0.8668311581782205,
      "tp": 307,
      "fp": 33,
      "tn": 2814,
      "fn": 27
    },
    {
      "selected_model": "waveform",
      "selected_calibration": "isotonic",
      "selected_aggregation": "trimmed_mean",
      "confidence": "sqi_margin",
      "coverage": 0.6500000000000001,
      "n_kept": 3446,
      "accuracy": 0.9767846778874056,
      "sensitivity": 0.8927613941018767,
      "specificity": 0.9869834038398959,
      "precision": 0.8927613941018767,
      "f1": 0.8927613941018767,
      "auroc": 0.958302834773854,
      "auprc": 0.8492252132366319,
      "tp": 333,
      "fp": 40,
      "tn": 3033,
      "fn": 40
    },
    {
      "selected_model": "waveform",
      "selected_calibration": "isotonic",
      "selected_aggregation": "trimmed_mean",
      "confidence": "sqi_margin",
      "coverage": 0.7000000000000002,
      "n_kept": 3711,
      "accuracy": 0.9752088385879817,
      "sensitivity": 0.8780487804878049,
      "specificity": 0.9872765828536807,
      "precision": 0.8955223880597015,
      "f1": 0.8866995073891626,
      "auroc": 0.9490819485595643,
      "auprc": 0.8388718612000886,
      "tp": 360,
      "fp": 42,
      "tn": 3259,
      "fn": 50
    },
    {
      "selected_model": "waveform",
      "selected_calibration": "isotonic",
      "selected_aggregation": "trimmed_mean",
      "confidence": "sqi_margin",
      "coverage": 0.8000000000000003,
      "n_kept": 4241,
      "accuracy": 0.972412166941759,
      "sensitivity": 0.872,
      "specificity": 0.9858326650628174,
      "precision": 0.8916155419222904,
      "f1": 0.8816986855409504,
      "auroc": 0.9392068965517242,
      "auprc": 0.8299289194478028,
      "tp": 436,
      "fp": 53,
      "tn": 3688,
      "fn": 64
    },
    {
      "selected_model": "waveform",
      "selected_calibration": "isotonic",
      "selected_aggregation": "trimmed_mean",
      "confidence": "sqi_margin",
      "coverage": 0.7500000000000002,
      "n_kept": 3976,
      "accuracy": 0.9730885311871227,
      "sensitivity": 0.8691796008869179,
      "specificity": 0.9863829787234043,
      "precision": 0.8909090909090909,
      "f1": 0.8799102132435466,
      "auroc": 0.9419792108946234,
      "auprc": 0.8312884539815737,
      "tp": 392,
      "fp": 48,
      "tn": 3477,
      "fn": 59
    },
    {
      "selected_model": "waveform",
      "selected_calibration": "isotonic",
      "selected_aggregation": "trimmed_mean",
      "confidence": "neg_entropy",
      "coverage": 0.7500000000000002,
      "n_kept": 3976,
      "accuracy": 0.9753521126760564,
      "sensitivity": 0.8523002421307506,
      "specificity": 0.9896154925624474,
      "precision": 0.9048843187660668,
      "f1": 0.8778054862842892,
      "auroc": 0.933781011322314,
      "auprc": 0.8193688044722709,
      "tp": 352,
      "fp": 37,
      "tn": 3526,
      "fn": 61
    },
    {
      "selected_model": "waveform",
      "selected_calibration": "isotonic",
      "selected_aggregation": "trimmed_mean",
      "confidence": "margin",
      "coverage": 0.7500000000000002,
      "n_kept": 3976,
      "accuracy": 0.9753521126760564,
      "sensitivity": 0.8523002421307506,
      "specificity": 0.9896154925624474,
      "precision": 0.9048843187660668,
      "f1": 0.8778054862842892,
      "auroc": 0.933781011322314,
      "auprc": 0.8193688044722709,
      "tp": 352,
      "fp": 37,
      "tn": 3526,
      "fn": 61
    },
    {
      "selected_model": "waveform",
      "selected_calibration": "isotonic",
      "selected_aggregation": "trimmed_mean",
      "confidence": "margin",
      "coverage": 0.8000000000000003,
      "n_kept": 4241,
      "accuracy": 0.9728837538316435,
      "sensitivity": 0.8586497890295358,
      "specificity": 0.9872577647995753,
      "precision": 0.8945054945054945,
      "f1": 0.876210979547901,
      "auroc": 0.9366730176225023,
      "auprc": 0.8257352715477029,
      "tp": 407,
      "fp": 48,
      "tn": 3719,
      "fn": 67
    }
  ]
}