outcome,outcome_name,record_id,group_id,patient_prefix,signal_file_name,label,predicted_label,record_probability,segment_probability,record_segment_count,record_quality_mean,segment_quality,template_correlation,estimated_hr_bpm,event_rhythm
tp,True positive,3805014_0004::event_41,3805014_0004::event_41,p00,3805014_0004_41_8,1,1,0.9780248403549194,0.97802484,1,0.918204426765442,0.9182044341483316,0.9614203659327628,66.66666666666667,AF
fp,False positive,3967075_0018::event_42,3967075_0018::event_42,p00,3967075_0018_42_17,0,1,0.9742821455001832,0.9791233,20,0.942725658416748,0.9325300430383794,0.9928368711854872,111.94029850746269,SR
fn,False negative,3896344_0090::event_3,3896344_0090::event_3,p02,3896344_0090_3_27,1,0,0.01274826657027,0.012748267,1,0.9439343214035034,0.9439343156792164,0.99914147726274,86.20689655172414,AF
tn,True negative,3751390_0020::event_26,3751390_0020::event_26,p01,3751390_0020_26_13,0,0,0.0102554718032479,0.010083,13,0.9247271418571472,0.92348730271542,0.9982906405882552,76.53061224489795,SR
