method,group_column,val_selected_threshold,val_f1,val_precision,val_sensitivity,val_specificity,test_f1_at_val_threshold,test_precision_at_val_threshold,test_sensitivity_at_val_threshold,test_specificity_at_val_threshold,test_accuracy_at_val_threshold,test_fp_at_val_threshold,test_fn_at_val_threshold,test_best_f1_analysis_only,test_best_threshold_analysis_only
quality_weighted_mean,group_id,0.713,0.9259039715471251,0.9848675914249685,0.8736017897091722,0.9975247524752475,0.8217391304347826,0.819364161849711,0.8241279069767442,0.9729026663776285,0.9535936615732881,125,121,0.8324407039020658,0.834
mean,group_id,0.71,0.9259039715471251,0.9848675914249685,0.8736017897091722,0.9975247524752475,0.8205499276410999,0.8170028818443804,0.8241279069767442,0.9724691090396705,0.9532163742690059,127,121,0.8318042813455657,0.8310000000000001
positive_fraction_base_threshold,group_id,0.47400000000000003,0.9210220673635308,0.9577294685990339,0.8870246085011185,0.9927805280528053,0.8135116115411682,0.7885402455661664,0.8401162790697675,0.9663993063082593,0.950009432182607,155,110,0.8233597692862293,0.584
median,group_id,0.675,0.9230769230769231,0.9635036496350365,0.8859060402684564,0.9938118811881188,0.8112280701754386,0.7842605156037992,0.8401162790697675,0.9655321916323434,0.9492548575740426,159,110,0.8247576435495899,0.8320000000000001
top10_mean,group_id,0.719,0.9168121000581735,0.9551515151515152,0.8814317673378076,0.9923679867986799,0.7983310152990264,0.7653333333333333,0.8343023255813954,0.9618469542597008,0.9452933408790795,176,114,0.8166544923301681,0.8250000000000001
top5_mean,group_id,0.772,0.9089855072463768,0.9434416365824309,0.8769574944071589,0.9903052805280528,0.7887517146776406,0.7467532467532467,0.8357558139534884,0.9577281595491004,0.9418977551405395,195,113,0.8048606147248035,0.841
top3_mean,group_id,0.8200000000000001,0.9035239745811671,0.9342891278375149,0.8747203579418344,0.9886551155115512,0.7868403015764224,0.7444876783398184,0.8343023255813954,0.9572946022111424,0.9413318241841162,197,114,0.7940552016985138,0.861
max,group_id,0.897,0.8909512761020881,0.9253012048192771,0.8590604026845637,0.9872112211221122,0.7803187803187803,0.7456953642384105,0.8183139534883721,0.9583784955560373,0.9401999622712696,192,125,0.7859154929577465,0.906
