{
  "output_dir": "/vol/bitbucket/mc1920/mimic_ext_p00_p01_p02_sqi_v2_ppg_1to2_20260426_194112",
  "analysis_dir": "/homes/mc1920/FYP/Atrial-Fibrillation-ML-main/analysis/final_paper_saved_prediction_analysis",
  "operating_threshold": 0.713,
  "group_column": "group_id",
  "top_k_list": [
    3,
    5,
    10
  ],
  "levels": {
    "segment_test": {
      "at_operating_threshold": {
        "threshold": 0.713,
        "n": 74599,
        "actual_positive": 6752,
        "actual_negative": 67847,
        "accuracy": 0.9525730907921017,
        "sensitivity": 0.8843305687203792,
        "specificity": 0.9593644523707754,
        "precision": 0.6841200733272227,
        "f1": 0.7714470284237727,
        "tn": 65090,
        "fp": 2757,
        "fn": 781,
        "tp": 5971,
        "predicted_positive": 8728,
        "predicted_negative": 65871
      },
      "best_f1_analysis_only": {
        "threshold": 0.874,
        "accuracy": 0.9610718642341051,
        "sensitivity": 0.8095379146919431,
        "specificity": 0.9761522248588737,
        "precision": 0.7715979672501412,
        "f1": 0.790112749349523,
        "tn": 66229.0,
        "fp": 1618.0,
        "fn": 1286.0,
        "tp": 5466.0,
        "predicted_positive": 7084.0,
        "predicted_negative": 67515.0
      },
      "threshold_sweep_csv": "/homes/mc1920/FYP/Atrial-Fibrillation-ML-main/analysis/final_paper_saved_prediction_analysis/segment_test_threshold_sweep.csv"
    },
    "record_test": {
      "at_operating_threshold": {
        "threshold": 0.713,
        "n": 5301,
        "actual_positive": 688,
        "actual_negative": 4613,
        "accuracy": 0.9535936615732881,
        "sensitivity": 0.8241279069767442,
        "specificity": 0.9729026663776285,
        "precision": 0.819364161849711,
        "f1": 0.8217391304347826,
        "tn": 4488,
        "fp": 125,
        "fn": 121,
        "tp": 567,
        "predicted_positive": 692,
        "predicted_negative": 4609
      },
      "best_f1_analysis_only": {
        "threshold": 0.834,
        "accuracy": 0.958687040181098,
        "sensitivity": 0.7906976744186046,
        "specificity": 0.983741599826577,
        "precision": 0.8788368336025848,
        "f1": 0.8324407039020658,
        "tn": 4538.0,
        "fp": 75.0,
        "fn": 144.0,
        "tp": 544.0,
        "predicted_positive": 619.0,
        "predicted_negative": 4682.0
      },
      "threshold_sweep_csv": "/homes/mc1920/FYP/Atrial-Fibrillation-ML-main/analysis/final_paper_saved_prediction_analysis/record_test_threshold_sweep.csv"
    },
    "segment_val": {
      "at_operating_threshold": {
        "threshold": 0.713,
        "n": 93200,
        "actual_positive": 10455,
        "actual_negative": 82745,
        "accuracy": 0.9743991416309012,
        "sensitivity": 0.8329029172644667,
        "specificity": 0.9922774790017523,
        "precision": 0.9316358189793517,
        "f1": 0.8795071204928796,
        "tn": 82106,
        "fp": 639,
        "fn": 1747,
        "tp": 8708,
        "predicted_positive": 9347,
        "predicted_negative": 83853
      },
      "best_f1_analysis_only": {
        "threshold": 0.675,
        "accuracy": 0.974206008583691,
        "sensitivity": 0.8404591104734577,
        "specificity": 0.9911052027312829,
        "precision": 0.9227134306416045,
        "f1": 0.8796676343978376,
        "tn": 82009.0,
        "fp": 736.0,
        "fn": 1668.0,
        "tp": 8787.0,
        "predicted_positive": 9523.0,
        "predicted_negative": 83677.0
      },
      "threshold_sweep_csv": "/homes/mc1920/FYP/Atrial-Fibrillation-ML-main/analysis/final_paper_saved_prediction_analysis/segment_val_threshold_sweep.csv"
    },
    "record_val": {
      "at_operating_threshold": {
        "threshold": 0.713,
        "n": 5742,
        "actual_positive": 894,
        "actual_negative": 4848,
        "accuracy": 0.9782305816788576,
        "sensitivity": 0.8736017897091722,
        "specificity": 0.9975247524752475,
        "precision": 0.9848675914249685,
        "f1": 0.9259039715471251,
        "tn": 4836,
        "fp": 12,
        "fn": 113,
        "tp": 781,
        "predicted_positive": 793,
        "predicted_negative": 4949
      },
      "best_f1_analysis_only": {
        "threshold": 0.713,
        "accuracy": 0.9782305816788576,
        "sensitivity": 0.8736017897091722,
        "specificity": 0.9975247524752475,
        "precision": 0.9848675914249685,
        "f1": 0.9259039715471251,
        "tn": 4836.0,
        "fp": 12.0,
        "fn": 113.0,
        "tp": 781.0,
        "predicted_positive": 793.0,
        "predicted_negative": 4949.0
      },
      "threshold_sweep_csv": "/homes/mc1920/FYP/Atrial-Fibrillation-ML-main/analysis/final_paper_saved_prediction_analysis/record_val_threshold_sweep.csv"
    }
  },
  "aggregation": {
    "predictions_long_csv": "/homes/mc1920/FYP/Atrial-Fibrillation-ML-main/analysis/final_paper_saved_prediction_analysis/aggregation_predictions_long.csv",
    "sweeps_long_csv": "/homes/mc1920/FYP/Atrial-Fibrillation-ML-main/analysis/final_paper_saved_prediction_analysis/aggregation_threshold_sweeps_long.csv",
    "summary_csv": "/homes/mc1920/FYP/Atrial-Fibrillation-ML-main/analysis/final_paper_saved_prediction_analysis/aggregation_method_summary.csv",
    "best_method_by_test_f1_at_val_threshold": {
      "method": "quality_weighted_mean",
      "group_column": "group_id",
      "val_selected_threshold": 0.713,
      "val_f1": 0.9259039715471251,
      "val_precision": 0.9848675914249685,
      "val_sensitivity": 0.8736017897091722,
      "val_specificity": 0.9975247524752475,
      "test_f1_at_val_threshold": 0.8217391304347826,
      "test_precision_at_val_threshold": 0.819364161849711,
      "test_sensitivity_at_val_threshold": 0.8241279069767442,
      "test_specificity_at_val_threshold": 0.9729026663776285,
      "test_accuracy_at_val_threshold": 0.9535936615732881,
      "test_fp_at_val_threshold": 125,
      "test_fn_at_val_threshold": 121,
      "test_best_f1_analysis_only": 0.8324407039020658,
      "test_best_threshold_analysis_only": 0.834
    }
  },
  "false_positive_analysis": {
    "segment_test": {
      "operating_threshold": 0.713,
      "fp_count": 2757,
      "negative_examples": 67847,
      "fp_rate_among_negatives": 0.040635547629224576,
      "mean_fp_prob": 0.8789924284983677,
      "median_fp_prob": 0.8974394,
      "max_fp_prob": 0.97955865,
      "top_fp_groups": [
        {
          "group_id": "3967075_0018::event_51",
          "fp_count": 27,
          "max_prob": 0.97476137,
          "mean_prob": 0.9581153240740741,
          "label": 0,
          "record_id": "3967075_0018",
          "subject_id": 2029,
          "event_id": 51,
          "signal_file_name": "3967075_0018_51_25",
          "patient": "p002029",
          "quality_mean": 0.9509046374074074
        },
        {
          "group_id": "3967075_0010::event_21",
          "fp_count": 27,
          "max_prob": 0.96974075,
          "mean_prob": 0.9259836814814816,
          "label": 0,
          "record_id": "3967075_0010",
          "subject_id": 2029,
          "event_id": 21,
          "signal_file_name": "3967075_0010_21_28",
          "patient": "p002029",
          "quality_mean": 0.9488473340740741
        },
        {
          "group_id": "3967075_0018::event_57",
          "fp_count": 26,
          "max_prob": 0.97460407,
          "mean_prob": 0.95126824,
          "label": 0,
          "record_id": "3967075_0018",
          "subject_id": 2029,
          "event_id": 57,
          "signal_file_name": "3967075_0018_57_3",
          "patient": "p002029",
          "quality_mean": 0.9568610773076924
        },
        {
          "group_id": "3967075_0010::event_25",
          "fp_count": 26,
          "max_prob": 0.9713465,
          "mean_prob": 0.9586549376923077,
          "label": 0,
          "record_id": "3967075_0010",
          "subject_id": 2029,
          "event_id": 25,