quality_bin,fp_count,mean_prob,max_prob
"(-0.001, 0.5]",0,,
"(0.5, 0.7]",0,,
"(0.7, 0.85]",32,0.8188527875,0.940582
"(0.85, 1.0]",2725,0.8796986554752294,0.97955865
