prefix,raw_segments_before_sqi,accepted_segments,rejected_segments,raw_af_segments,accepted_af_segments,raw_sr_segments,accepted_sr_segments,acceptance_rate,af_acceptance_rate,sr_acceptance_rate,mean_quality_all,mean_quality_accepted
p00,258847,250651,8196,34453,31771,224394,218880,0.9683365076666911,0.9221548196093229,0.9754271504585684,0.9335254521961586,0.9351507179961772
p01,220105,216476,3629,33789,33384,186316,183092,0.9835124145294292,0.9880138506614579,0.9826960647502093,0.9301990584864974,0.9312546973037439
p02,329766,322737,7029,37570,36641,292196,286096,0.9786848856461855,0.9752728240617514,0.9791236019658037,0.9329993712670561,0.9342870336709752
